"1","Cristobal","AZ","Dopson","2002-02-17","Azerbaijan","cdopson0","352-977-1556","cdopson0@ted.com","CmAvpFUdYmR","2011-11-30 00:00:00",NULL
"2","Max","Carvedilol","Faunch","1984-05-30","Brazil","mfaunch1","440-654-4123","mfaunch1@foxnews.com","7pDmHN","2010-08-22 00:00:00","201713730257966"
"3","Dave","US","Di Matteo","1994-08-07","United States","ddimatteo2","425-979-4364","ddimatteo2@japanpost.jp","9d96Xk","2018-10-15 00:00:00","3578774996782799"
"4","Cherry","ID","Kassidy","2000-12-18","Indonesia","ckassidy3","641-605-7771","ckassidy3@sfgate.com","fghbPZLkhh","2010-03-16 00:00:00",NULL
"5","Gothart","ID","Zemler","1983-07-12","Indonesia","gzemler4","816-586-8381","gzemler4@seesaa.net","4qjAfoi6I","2008-07-08 00:00:00",NULL
"6","Josh","PH","Ashborne","1989-04-28","Philippines","jashborne5","712-286-5224","jashborne5@bloglovin.com","hWTYg1LtAdB","2019-05-09 00:00:00","3551276029074211"
"7","Odella","CN","Rate","1992-08-12","China","orate6","168-247-0604","orate6@yahoo.co.jp","5AkwNYX2ee","2017-09-22 00:00:00","3533928128468925"
"8","Monroe","CO","Faughny","1997-01-03","Colombia","mfaughny7","929-638-9498","mfaughny7@webs.com","mw858KVT4p","2008-03-29 00:00:00",NULL
"9","Vittorio","RU","Spring","1987-10-21","Russia","vspring8","327-353-4799","vspring8@google.es","bbtLFB1JXT","2009-04-09 00:00:00","3545186362498738"
"10","Abbi","CRESTOR","Norster","1995-12-23","Indonesia","anorster9","576-663-4459","anorster9@123-reg.co.uk","60DVdnKZymbi","2020-07-23 00:00:00","3529617337445628"
"11","Ritchie","BR","Callar","1989-03-24","Brazil","rcallara","219-145-3302","rcallara@phoca.cz","TNtOiTXRNNCt","2009-04-11 00:00:00","3550862076679506"
"12","Hort","edarbi","Bussetti","1996-01-10","Nigeria","hbussettib","574-135-2776","hbussettib@about.com","lERI7pxKGQz6","2017-12-02 00:00:00",NULL
"13","Rachelle","PH","Ringer","2002-07-21","Philippines","rringerc","516-556-8942","rringerc@theglobeandmail.com","bj9Hc6Xx","2006-11-14 00:00:00","4917922862673794"
"14","Janos","PH","Tankus","2000-10-01","Philippines","jtankusd","807-481-9478","jtankusd@sakura.ne.jp","kn00khQGrw","2004-11-21 00:00:00","3580260411178041"
"15","Whittaker","ZA","Rigolle","1986-01-03","South Africa","wrigollee","369-609-9883","wrigollee@twitter.com","4MC9QDxo","2018-01-21 00:00:00",NULL
"16","Carena","IR","Ropert","1994-12-20","Iran","cropertf","383-920-3556","cropertf@java.com","1t1gvMBKi1U","2006-09-12 00:00:00","3579902155977855"
"17","Liz","YE","Merriman","1993-02-15","Yemen","lmerrimang","921-310-6057","lmerrimang@java.com","51sSq8jD","2006-07-23 00:00:00","201769765826463"
"18","Lynn","PK","Campbell-Dunlop","2001-08-30","Pakistan","lcampbelldunloph","618-560-8072","lcampbelldunloph@ovh.net","YZVVn0n","2019-01-09 00:00:00","4844000879653279"
"19","Malory","PH","Kilmurray","1997-06-24","Philippines","mkilmurrayi","961-530-4695","mkilmurrayi@uiuc.edu","xlcpX7TvDL","2009-09-17 00:00:00","564182644759752371"
"20","D'arcy","CN","Partener","1998-07-01","China","dpartenerj","720-731-5654","dpartenerj@wsj.com","1q1m1iBxb","2013-01-14 00:00:00","5561822528368027"
"21","Bettine","Degree","Rundle","1992-11-02","China","brundlek","373-687-0160","brundlek@icq.com","vwXeGPnN","2005-10-22 00:00:00","3580043957235874"
"22","Burg","SZ","Troyes","1998-12-18",NULL,"btroyesl","183-992-1029","btroyesl@yellowbook.com","XbQ3XKEeGlX","2003-11-25 00:00:00","6762712089016070"
"23","Desiree","Tea","Pester","2000-06-07","Russia","dpesterm","342-196-1429","dpesterm@trellian.com","Ug4mM0c8","2007-02-03 00:00:00","372301832343976"
"24","Johnna","Alacort","Tuffey","1982-05-18","Brazil","jtuffeyn","458-202-3789","jtuffeyn@wikispaces.com","BanWnpE16","2004-06-03 00:00:00","3543416616467888"
"25","Eda","Folic Acid","Gutridge","2002-03-19","Indonesia","egutridgeo","657-127-6502","egutridgeo@reference.com","6oBrb6RuKlq","2004-08-04 00:00:00","3536275670001937"
"26","Kinsley","GR","Colbourne","1988-03-16","Greece","kcolbournep","761-939-4910","kcolbournep@theatlantic.com","nvbWlLbGAi","2006-07-29 00:00:00",NULL
"27","Lars","Nabumetone","Realff","2001-04-21","China","lrealffq","685-243-6432","lrealffq@fastcompany.com","ocvAkQ7UHJw7","2017-05-29 00:00:00","6759806886629823"
"28","Rockwell","ID","Radsdale","1989-07-04","Indonesia","rradsdaler","419-405-6116","rradsdaler@diigo.com","AP9RQnxoH8P","2014-02-23 00:00:00","3578468062102632"
"29","Aloysia","Tretinoin","Grono","1984-03-09","Peru","agronos","943-186-0663","agronos@hexun.com","szhFuF","2013-08-24 00:00:00","374288559165559"
"30","Philbert","CN","MacGrath","1982-01-11","China","pmacgratht","430-842-1978","pmacgratht@independent.co.uk","qyKUzHVxB","2006-01-01 00:00:00",NULL
"31","Dalia","HT","Finnick","1986-01-27","Haiti","dfinnicku","221-437-9994","dfinnicku@hibu.com","i72yfJ","2010-12-31 00:00:00","374622487580606"
"32","Janaya","Queen Palm","Duckitt","1993-03-31","Indonesia","jduckittv","304-864-5729","jduckittv@craigslist.org","pDgbfiAjIDXT","2018-04-01 00:00:00",NULL
"33","Burg","ID","Yellep","1984-05-24","Indonesia","byellepw","558-144-7535","byellepw@businesswire.com","Q9QhPn9","2009-06-04 00:00:00","30330336570242"
"34","Adelind","Aspir Low","Winsom","1992-02-19","China","awinsomx","140-307-6169","awinsomx@wp.com","UHkPL0J","2013-03-01 00:00:00","3568007783198107"
"35","Kathy","RU","Rollitt","1992-02-27","Russia","krollitty","352-751-4229","krollitty@epa.gov","tMQfI7F80j","2007-10-31 00:00:00","337941189879488"
"36","Rogerio","DO","Tweede","1989-06-08","Dominican Republic","rtweedez","747-772-8799","rtweedez@hao123.com","6kcOqwd61","2017-07-23 00:00:00","3535254560167521"
"37","Constancy","Trileptal","Codrington","1982-08-22","Poland","ccodrington10","167-383-2070","ccodrington10@lycos.com","jgl7FXBLO2yu","2019-06-23 00:00:00","3549103582207936"
"38","Cooper","nifedipine","Selbach","1982-11-29",NULL,"cselbach11","765-609-4992","cselbach11@sciencedaily.com","kyqVZk3","2016-09-01 00:00:00",NULL
"39","Jarid","MX","Langabeer","1984-03-11","Mexico","jlangabeer12","725-790-6842","jlangabeer12@xrea.com","PO25vpNBD","2010-12-16 00:00:00","30068503613441"
"40","Glory","Orajel","Toyer","1984-08-29","Ukraine","gtoyer13","952-962-8738","gtoyer13@dell.com","rigvkkRUsKFB","2014-10-03 00:00:00",NULL
"41","Ikey","BR","Capitano","1996-05-24","Brazil","icapitano14","501-802-9773","icapitano14@free.fr","LKEIfj","2004-09-04 00:00:00","5445829876871538"
"42","Becky","Nifedipine","Janaud","1983-04-23","Brazil","bjanaud15","413-498-9993","bjanaud15@instagram.com","hRCykJyroCG","2012-03-31 00:00:00","4041594816332"
"43","Rois","CN","Chainey","2002-01-21","China","rchainey16","158-414-9044","rchainey16@time.com","0Mvav4L","2015-10-08 00:00:00",NULL
"44","Deeyn","Cimetidine","Idill","1981-01-28","Ukraine","didill17","954-760-4076","didill17@va.gov","0ZdHNAwDA4","2018-05-04 00:00:00","5002355480305312"
"45","Sheba","Oxygen","Richarz","1991-05-21","Philippines","sricharz18","603-547-3567","sricharz18@altervista.org","HakCYofsSEpo","2004-10-26 00:00:00","493600543732175955"
"46","Brit","PL","Edmott","1993-11-08","Poland","bedmott19","699-909-6943","bedmott19@bloglines.com","4IPUt01P","2016-04-28 00:00:00",NULL
"47","Rochell","BR","Odgers","1985-08-29","Brazil","rodgers1a","522-321-2381","rodgers1a@dropbox.com","D9oBKiu1","2004-11-29 00:00:00","3538738034381129"
"48","Mozelle","RU","Ramey","1993-10-26","Russia","mramey1b","219-734-2077","mramey1b@123-reg.co.uk","W5YcjFqGc4","2020-05-22 00:00:00","3546301032422633"
"49","Almeta","BR","Coolahan","1984-04-22",NULL,"acoolahan1c","638-668-3947","acoolahan1c@tinypic.com","okDhEP","2005-04-15 00:00:00","3535655656766176"
"50","Early","ID","Sutherel","1986-12-10",NULL,"esutherel1d","351-545-6059","esutherel1d@psu.edu","Wp3TiicknDeS","2019-05-06 00:00:00","4026468247103808"
"51","Cathie","CN","Parminter","2000-12-31","China","cparminter1e","635-101-4135","cparminter1e@skyrock.com","dmZ31Z1KcB","2009-12-17 00:00:00","3563523371994462"
"52","Maurine","BR","Billion","2000-11-26","Brazil","mbillion1f","834-792-8627","mbillion1f@earthlink.net","39gsXnoRpfDP","2008-03-28 00:00:00","6761028808746916779"
"53","Erv","modafinil","Hathwood","1997-04-05","Australia","ehathwood1g","382-159-3675","ehathwood1g@utexas.edu","ADk2nDLtgE","2014-07-22 00:00:00","5641820965035809357"
"54","Marjy","AR","Gusticke","1996-03-22","Argentina","mgusticke1h","992-244-1467","mgusticke1h@wix.com","IgZmXAG","2007-07-23 00:00:00",NULL
"55","Jania","ML","Grasser","1985-05-23","Mali","jgrasser1i","295-766-8575","jgrasser1i@elpais.com","ISjc9mHRGfUo","2011-02-03 00:00:00","67715921826090757"
"56","Edwina","BR","Drysdall","1988-11-14","Brazil","edrysdall1j","834-788-5975","edrysdall1j@economist.com","13woWcF9bVO","2017-12-05 00:00:00",NULL
"57","Rochell","MX","Enrrico","2000-09-25","Mexico","renrrico1k","935-557-6189","renrrico1k@imdb.com","y5iUMT","2009-08-03 00:00:00",NULL
"58","Heywood","AL","Kerwin","1989-07-04","Albania","hkerwin1l","296-805-8649","hkerwin1l@constantcontact.com","jfCIFrVqeZ","2006-06-14 00:00:00","6390712174401898"
"59","Lauraine","ID","Klulicek","1998-02-25","Indonesia","lklulicek1m","608-164-2288","lklulicek1m@rakuten.co.jp","6IvDUG","2009-05-27 00:00:00","372301418082949"
"60","Calypso","RS","Alleyne","1982-01-18","Serbia","calleyne1n","450-666-2655","calleyne1n@microsoft.com","sJRXAnIJEf","2009-11-03 00:00:00","4175007499390751"
"61","Sibyl","CN","Tiley","1994-10-05","China","stiley1o","879-878-0848","stiley1o@jiathis.com","v4SxBJ","2014-03-18 00:00:00",NULL
"62","Raquela","ibuprofen","Stoffersen","1993-01-25","Russia","rstoffersen1p","199-974-5484","rstoffersen1p@guardian.co.uk","QhDk0kFoGwB","2018-10-10 00:00:00",NULL
"63","Carolina","Gabapentin","Sherebrooke","2000-02-13",NULL,"csherebrooke1q","443-967-8534","csherebrooke1q@msu.edu","CZkquwaGYcHB","2017-03-06 00:00:00","348029900938911"
"64","Edwina","ID","Mottley","1987-04-27","Indonesia","emottley1r","101-394-8192","emottley1r@canalblog.com","ITGNn4i","2005-02-12 00:00:00","3532415295342670"
"65","Angelika","CN","Gillise","1993-08-21",NULL,"agillise1s","605-287-8923","agillise1s@ftc.gov","Q6lCwUy","2009-03-06 00:00:00","6709333964815621"
"66","Matthus","Cuprimine","Billyeald","1993-08-25","China","mbillyeald1t","872-472-6415","mbillyeald1t@state.gov","AnKul2rVBY","2014-01-14 00:00:00","3528435981393023"
"67","Buckie","Robinul","Ferrar","1990-08-31","Thailand","bferrar1u","661-619-2058","bferrar1u@g.co","THZ6KX","2009-12-28 00:00:00","4041379462294"
"68","Coral","DO","Mordaunt","2000-05-16","Dominican Republic","cmordaunt1v","916-937-7145","cmordaunt1v@cam.ac.uk","cEHcgIHrm1l5","2019-07-10 00:00:00","3532694688752451"
"69","Demetra","SE","Rehn","1995-10-27","Sweden","drehn1w","956-165-0000","drehn1w@unblog.fr","zIpbx4ZFn","2009-07-14 00:00:00","5526045643568180"
"70","Kath","Univasc","Wareham","1989-11-13","Bahamas","kwareham1x","384-182-3565","kwareham1x@whitehouse.gov","DygdOzen","2006-04-03 00:00:00","493619080041331614"
"71","Jeannie","Degree","Kesterton","1990-05-28","Colombia","jkesterton1y","176-730-9329","jkesterton1y@deliciousdays.com","q91Bm0fz","2017-08-16 00:00:00","4911045109616547394"
"72","Morty","PH","Tilford","1994-02-25","Philippines","mtilford1z","276-988-6747","mtilford1z@jimdo.com","SGOV9hjM","2019-12-05 00:00:00","3555677033092774"
"73","Dicky","CN","Hammerton","1984-01-24","China","dhammerton20","525-405-1797","dhammerton20@lycos.com","ymaBzancd","2004-10-11 00:00:00",NULL
"74","Anny","SE","Stuchbery","1980-12-25","Sweden","astuchbery21","194-184-7596","astuchbery21@shareasale.com","PU0MS0b0fPY","2010-01-11 00:00:00",NULL
"75","Gal","Activella","Goodram","1996-06-14","France","ggoodram22","509-691-1415","ggoodram22@dell.com","u0LDqqO","2006-06-23 00:00:00","5100170113640394"
"76","Virge","PE","Reichelt","1986-11-27","Peru","vreichelt23","840-438-1622","vreichelt23@google.fr","bsAhscCV","2011-03-25 00:00:00","3537564829358945"
"77","Stearne","Acarbose","Quarton","1992-07-25","France","squarton24","704-978-9098","squarton24@nyu.edu","YaEPhIq","2013-10-06 00:00:00","4017956703438719"
"78","Devy","CN","Coard","1993-07-25","China","dcoard25","636-945-9597","dcoard25@over-blog.com","iweveb7KX","2016-01-05 00:00:00",NULL
"79","Pyotr","CN","Edsall","1992-01-05","China","pedsall26","871-756-3736","pedsall26@yandex.ru","yeSBVb0","2013-02-17 00:00:00",NULL
"80","Blondie","PL","Kauffman","1984-12-08","Poland","bkauffman27","962-963-8171","bkauffman27@freewebs.com","rA4gyeInB75","2004-12-09 00:00:00","3543926789092594"
"81","Jeremiah","SE","Loughnan","1984-06-01","Sweden","jloughnan28","676-740-7065","jloughnan28@bizjournals.com","n46dmv6cA","2006-10-11 00:00:00","4936179150186419163"
"82","Ame","PH","Jarrad","1985-10-23","Philippines","ajarrad29","143-837-1328","ajarrad29@nyu.edu","uAXszmzUD","2020-01-19 00:00:00",NULL
"83","Donia","CN","Gooderick","1987-11-22","China","dgooderick2a","834-850-7580","dgooderick2a@printfriendly.com","154sbxsdKt","2011-07-11 00:00:00","3552872137944409"
"84","Cal","CN","Towey","2002-02-22","China","ctowey2b","619-772-5159","ctowey2b@salon.com","2HLDO1lZvnlC","2008-07-22 00:00:00","6333272422556221295"
"85","Remy","US","Helbeck","1992-11-14","United States","rhelbeck2c","228-515-6116","rhelbeck2c@xing.com","2jCYbu9","2004-05-25 00:00:00","4844002804831111"
"86","Stephi","CN","Kneebone","1999-07-31","China","skneebone2d","212-851-9284","skneebone2d@plala.or.jp","6h3KjM","2017-07-04 00:00:00",NULL
"87","Gannon","Senna-Lax","Arnet","1986-08-05","Poland","garnet2e","231-945-3738","garnet2e@biblegateway.com","iBgpLm","2004-05-17 00:00:00","3568058810718334"
"88","Kristofer","CN","Everix","2002-01-19","China","keverix2f","743-388-7867","keverix2f@apache.org","ucITMunpdf","2008-10-20 00:00:00","3563576897294874"
"89","Kellyann","PH","Siss","1992-10-28","Philippines","ksiss2g","853-805-5493","ksiss2g@mac.com","KUOZ8MjzrzWP","2005-12-16 00:00:00","30338614747192"
"90","Aliza","Dry Cough","Deans","1996-08-24","Philippines","adeans2h","631-525-3838","adeans2h@csmonitor.com","oesDnWzYhT8x","2016-12-06 00:00:00","5333765651316155"
"91","Ag","CM","Sexton","1993-07-21","Cameroon","asexton2i","849-166-2402","asexton2i@loc.gov","mHSxsN2","2015-06-30 00:00:00","201971529493578"
"92","Leelah","Zorcaine","Yushmanov","2002-10-07","Philippines","lyushmanov2j","641-783-7518","lyushmanov2j@reuters.com","Wz5jj5gh","2011-04-02 00:00:00","670634431482601136"
"93","Farlee","PH","Willacot","1984-10-25","Philippines","fwillacot2k","328-439-4822","fwillacot2k@dyndns.org","91VQg5BxW","2009-10-30 00:00:00","5602228652712322"
"94","Celine","Minoxidil","Conyer","1994-06-07","China","cconyer2l","852-532-2667","cconyer2l@usnews.com","z9rFhQE","2014-01-29 00:00:00","3540139931065756"
"95","Jessee","LUBRIDERM","Gronous","1995-02-22","China","jgronous2m","857-577-2087","jgronous2m@myspace.com","koCzsapinuJy","2008-02-24 00:00:00","379137568873072"
"96","Matt","FR","Lipmann","1982-05-03","France","mlipmann2n","186-548-5131","mlipmann2n@timesonline.co.uk","jFKaBD","2013-09-27 00:00:00","3557419612163306"
"97","Beau","UA","Hansard","1992-08-23","Ukraine","bhansard2o","464-646-4865","bhansard2o@google.co.uk","nA7DvkGfTgA","2016-03-03 00:00:00","5108752679892535"
"98","Belita","CN","Marron","1998-12-22","China","bmarron2p","255-472-0572","bmarron2p@upenn.edu","5fp22OJ","2008-03-06 00:00:00","3531965598960421"
"99","Ives","RANITIDINE","Cradock","1995-03-04","China","icradock2q","924-409-3815","icradock2q@mapy.cz","JUyNHo0","2017-01-13 00:00:00",NULL
"100","Alane","JP","Worsall","1992-12-21","Japan","aworsall2r","202-115-6704","aworsall2r@drupal.org","WVJRn5B","2018-03-10 00:00:00","3568258062803715"
