id,firstName,middleName,lastName,DOB,location,username,mobile,email,passwordHash,registeredAt,cardNumber
1,Karole,NULL,De Domenici,27/08/1981,Poland,Portugal,NULL,kdedomenici0@unesco.org,WKlCwNp,24/12/2007 13:17,3.57E+15
2,Tyrone,NULL,Tison,04/02/2002,China,Canada,NULL,ttison1@alibaba.com,cSnEDbGjq43,28/09/2015 11:21,6.71E+15
3,Inglebert,NULL,Dockery,28/02/1995,China,Germany,NULL,idockery2@tinypic.com,zoNR6RxC7G,21/02/2004 02:44,6.33E+15
4,Rhodia,NULL,Piers,02/11/1999,Indonesia,Serbia,5686543826,rpiers3@meetup.com,pjLt5zME,12/09/2008 11:11,6.76E+17
5,Dreddy,NULL,Stiles,02/10/1991,Hungary,Bulgaria,1922944421,dstiles4@nifty.com,FftUFrJU6GL,19/05/2019 18:58,4.02E+12
6,Dwayne,NULL,Bruton,14/11/1982,Serbia,China,NULL,dbruton5@yahoo.com,pQDM5RvVFSPD,28/12/2010 13:54,3.59E+15
7,Rex,NULL,Gibbonson,06/02/1982,Russia,France,NULL,rgibbonson6@github.com,fpvFfhY8,06/04/2010 04:17,3.54E+15
8,Anabel,NULL,Ben-Aharon,22/05/1984,United States,China,NULL,abenaharon7@google.es,4SviBsGhFIZL,18/01/2006 22:58,2.02E+14
9,Eula,NULL,Rustidge,28/05/1989,Argentina,Philippines,5982455745,erustidge8@yolasite.com,43UQsym64C,09/11/2003 07:07,5.35E+15
10,Dolly,NULL,Yewen,02/07/1985,Indonesia,Ukraine,1865292261,dyewen9@de.vu,LURQAb3V1ktK,22/06/2013 19:01,4.04E+12
11,Valeda,NULL,Nassie,20/07/1988,China,South Africa,4949115006,vnassiea@eepurl.com,4SppBD,19/01/2017 16:18,6.77E+18
12,Rania,Duobam,Goranov,06/05/1990,Japan,Thailand,NULL,rgoranovb@oakley.com,ng0OtF,18/01/2004 06:08,3.58E+15
13,Findley,NULL,MacCumiskey,20/05/1989,China,Vietnam,1328521846,fmaccumiskeyc@google.com.br,ouXNibx2z2p5,10/11/2016 12:22,3.57E+15
14,Cyndie,Wrapsafe,McCall,15/08/1991,United States,Indonesia,NULL,cmccalld@army.mil,nLjb45IkwDM,27/11/2007 14:59,3.04E+13
15,Archaimbaud,Zamit,Beagles,16/02/1995,South Africa,Peru,NULL,abeaglese@shutterfly.com,QvR0ZQP7T,03/10/2007 09:22,3.54E+15
16,Genevra,Sonair,Albany,05/11/1999,Philippines,Japan,NULL,galbanyf@toplist.cz,0FMpWRT6HAG4,24/09/2007 23:38,3.54E+15
17,Shelley,NULL,Goalley,17/10/1996,Philippines,China,NULL,sgoalleyg@redcross.org,y8etlq1zG,15/12/2011 08:49,5.05E+15
18,Hastings,NULL,Aggott,20/06/1984,Brazil,Ireland,NULL,haggotth@webeden.co.uk,bFeghJ,19/02/2014 12:55,4.41E+15
19,Alaster,NULL,Folds,08/02/2001,Indonesia,Philippines,NULL,afoldsi@nyu.edu,nwooj1Wzem,31/12/2011 13:13,3.06E+13
20,Tully,Fintone,Gammack,30/08/1984,United States,Afghanistan,NULL,tgammackj@github.io,nZrQcpwpn,01/10/2019 12:10,3.54E+15
21,Gail,NULL,Severwright,25/11/1996,Portugal,United States,NULL,gseverwrightk@cloudflare.com,aYejJwI2IXYk,10/11/2006 18:13,2.02E+14
22,Corny,NULL,Loverock,15/06/1997,Indonesia,France,NULL,cloverockl@amazon.co.jp,h2gh2ot7v0,24/05/2005 22:11,6.33E+18
23,Elyssa,NULL,Lamke,08/02/2001,Philippines,Gambia,NULL,elamkem@pcworld.com,LG45CKB4mh,10/12/2019 01:45,3.54E+15
24,Ellyn,NULL,Phorsby,14/11/1996,China,China,NULL,ephorsbyn@nymag.com,Hcc55CfStG6,18/01/2018 14:18,4.02E+15
25,Wilona,NULL,Huffer,10/01/1986,China,Indonesia,NULL,whuffero@samsung.com,bAT86dDevu8W,07/10/2018 09:21,3.57E+15
26,Sascha,Fixflex,Abatelli,15/09/1987,France,Brazil,3063722202,sabatellip@xrea.com,CzxZ3xy,02/09/2015 15:09,3.55E+15
27,Byran,Quo Lux,Adess,16/03/1983,Tunisia,Indonesia,9073149486,badessq@economist.com,WjhRZgbs8,20/07/2016 22:52,4.84E+15
28,Justine,Tres-Zap,Twigg,09/05/2001,China,Ukraine,NULL,jtwiggr@seattletimes.com,gj5UJ6zEC9,10/04/2009 10:33,3.53E+15
29,Findlay,NULL,Jone,06/03/1983,Ecuador,Peru,NULL,fjones@mozilla.com,SEuE4taW8pVa,09/02/2016 21:43,3.58E+15
30,Trudi,NULL,Luscombe,13/11/1997,Mongolia,Argentina,NULL,tluscombet@squidoo.com,YKxqHnNDl,01/01/2018 13:18,5.89E+18
31,Velma,NULL,Rubinovitch,30/09/1989,Angola,Seychelles,NULL,vrubinovitchu@nydailynews.com,yEoT5C,07/12/2008 20:22,3.55E+15
32,Christan,NULL,Till,22/09/1987,Indonesia,Greece,NULL,ctillv@nydailynews.com,IqywjqG,05/12/2016 16:32,3.43E+14
33,Cassius,NULL,Lorait,25/07/1998,Iran,Argentina,NULL,cloraitw@reverbnation.com,iduQ1h,21/04/2005 23:50,6.77E+15
34,Audy,NULL,Fellows,26/12/1987,Philippines,Ukraine,NULL,afellowsx@princeton.edu,WjgV6lI4kX,24/06/2007 22:06,3.57E+15
35,Rabi,NULL,Huet,12/04/1996,Indonesia,Indonesia,NULL,rhuety@theguardian.com,GwwsUWiFBzI,21/02/2020 09:54,4.18E+15
36,Aimil,Subin,Holbie,03/12/1981,China,Montenegro,NULL,aholbiez@usgs.gov,tm90cB,12/09/2011 02:22,3.56E+15
37,Silvie,NULL,Bidewell,10/11/1986,United States,Portugal,NULL,sbidewell10@elegantthemes.com,ewnIEhU43Ey,19/05/2008 06:33,5.00E+15
38,Midge,Aerified,Kelshaw,08/11/1980,Sweden,Poland,NULL,mkelshaw11@wunderground.com,U4NrLPVkP,27/03/2017 19:07,4.91E+15
39,Clarice,NULL,Mea,01/05/2002,Russia,Nigeria,NULL,cmea12@hibu.com,efBdWOqPZ,02/10/2009 12:39,6.04E+17
40,Winston,Voyatouch,Longfut,10/06/1987,China,Ghana,NULL,wlongfut13@kickstarter.com,EzQjgPtCnEr1,11/04/2012 11:58,4.91E+18
41,Jory,NULL,Epton,07/08/1987,Sweden,Mexico,5029550003,jepton14@illinois.edu,zL2u0hvSR,27/12/2004 16:31,5.60E+18
42,Budd,Bigtax,Gally,04/01/1989,Colombia,China,NULL,bgally15@wired.com,TfohZt,29/03/2004 09:37,5.60E+16
43,Binky,NULL,Brauns,08/01/1981,Peru,Mexico,1313815495,bbrauns16@wisc.edu,35Fqll,23/08/2019 17:22,4.02E+15
44,Rich,NULL,Gianninotti,22/12/1994,Philippines,Russia,NULL,rgianninotti17@accuweather.com,UymUuglQkqBs,28/08/2009 00:20,3.53E+15
45,Eugenio,NULL,Hibbart,11/01/1996,Kosovo,China,NULL,ehibbart18@ihg.com,TqhtqeLghT,15/12/2015 05:30,3.49E+14
46,Douglass,Kanlam,Cruikshanks,06/04/1987,China,Iraq,8995191094,dcruikshanks19@theatlantic.com,R9yWVUFiwdvU,31/07/2006 11:57,4.18E+15
47,Kyle,NULL,Endecott,10/09/1995,Indonesia,Russia,NULL,kendecott1a@a8.net,GZDdWLvTl,09/08/2016 03:30,3.04E+13
48,Cammi,NULL,Berthod,25/06/1987,Russia,China,NULL,cberthod1b@sfgate.com,q3Cby04fARR,07/05/2008 07:57,3.58E+15
49,Edvard,It,Wallwood,07/09/1988,China,Indonesia,NULL,ewallwood1c@deliciousdays.com,xtbgRa7,06/09/2017 13:23,6.33E+15
50,Marjorie,NULL,Nellis,28/10/1991,China,Brazil,NULL,mnellis1d@so-net.ne.jp,WOp1o5HY1I,04/05/2019 19:09,3.72E+14
51,Rubina,NULL,Quiddington,21/07/1988,Indonesia,Russia,4026881157,rquiddington1e@skyrock.com,YvNcpFs,30/10/2005 03:08,3.54E+15
52,Cassius,Tin,Farnie,31/01/1998,Poland,Japan,NULL,cfarnie1f@blog.com,w2gWnoCUv,13/10/2012 14:45,5.43E+15
53,Jo ann,Alphazap,Vennart,02/06/1989,Indonesia,Afghanistan,NULL,jvennart1g@freewebs.com,r177li5td,04/09/2015 09:12,3.58E+15
54,Robbie,Redhold,Samter,05/01/1985,Brazil,Sierra Leone,NULL,rsamter1h@cornell.edu,aydODkpRl8,10/09/2014 21:52,6.40E+15
55,Manon,NULL,Brushneen,16/04/1992,Indonesia,China,NULL,mbrushneen1i@hibu.com,7hx3dQ,08/05/2020 07:11,2.02E+14
56,Waldemar,NULL,Lilliman,05/02/1984,China,Myanmar,NULL,wlilliman1j@youtube.com,y8WbwNAQ1E,03/08/2005 03:57,3.01E+13
57,Morlee,NULL,Carneck,08/04/1983,Brazil,Indonesia,NULL,mcarneck1k@washington.edu,lE6XCu,02/02/2007 20:31,3.56E+15
58,Bill,Stim,Antoniades,21/03/1998,China,Argentina,NULL,bantoniades1l@princeton.edu,jzfar9LLo92,12/08/2014 00:20,2.02E+14
59,Kally,NULL,Nellies,22/09/2001,South Africa,Indonesia,NULL,knellies1m@mapy.cz,v6lw5v,15/02/2019 09:25,3.57E+15
60,Lizette,Zaam-Dox,Cork,15/02/1981,Ivory Coast,Netherlands,NULL,lcork1n@msn.com,4OPUGQ,06/01/2004 08:26,3.58E+15
61,Lissie,NULL,Lisett,21/03/1998,Indonesia,Indonesia,NULL,llisett1o@slashdot.org,uFZB0HHbNp,27/08/2017 06:26,5.89E+17
62,Farlay,Bamity,Bearsmore,02/01/1996,Greece,Portugal,NULL,fbearsmore1p@bbc.co.uk,lksDgOXM,02/10/2013 14:44,6.76E+15
63,Hill,NULL,Fold,30/01/1998,Hungary,Indonesia,NULL,hfold1q@vkontakte.ru,l4JYRlSlm6SR,05/12/2017 12:50,6.76E+17
64,Karlyn,Keylex,Kundert,28/02/1994,Brazil,Philippines,NULL,kkundert1r@hc360.com,QoOjpR,25/03/2018 07:07,4.91E+17
65,Evvy,NULL,Blakes,04/10/1981,Mexico,Poland,NULL,eblakes1s@berkeley.edu,L84TsPOTi0,28/01/2012 00:52,3.58E+15
66,Kerwin,NULL,Gounot,18/05/1998,Poland,Indonesia,NULL,kgounot1t@lycos.com,uigz0M935z4x,26/11/2011 22:30,3.54E+15
67,Arley,Opela,Pendleton,20/07/1985,Japan,Cambodia,NULL,apendleton1u@prlog.org,AxgQ5S,04/10/2011 04:58,5.59E+15
68,Algernon,NULL,Genicke,29/05/1981,Russia,China,1713956470,agenicke1v@booking.com,bEgsvLgEEL,24/04/2020 00:12,5.60E+17
69,Zebedee,Trippledex,Wildblood,03/10/1986,China,Sweden,NULL,zwildblood1w@wordpress.org,uAy8zz,02/05/2008 01:00,4.91E+15
70,Noak,NULL,Eckly,02/04/1989,China,Portugal,NULL,neckly1x@utexas.edu,DTVhX7rB,26/03/2020 01:50,3.74E+14
71,Boyd,Overhold,Meaking,07/12/2000,China,Indonesia,NULL,bmeaking1y@microsoft.com,w2Bkbw,08/01/2009 03:07,3.56E+15
72,Glen,NULL,Ledrun,15/09/1992,China,Indonesia,NULL,gledrun1z@mysql.com,tc1kCeLSzTS,15/11/2008 22:41,6.76E+16
73,Michele,NULL,Hemphrey,16/11/2000,Indonesia,Indonesia,9872170871,mhemphrey20@deliciousdays.com,XY9PLSrKXrK,26/09/2006 20:50,6.37E+15
74,Cary,NULL,Canete,10/04/1986,Afghanistan,Brazil,NULL,ccanete21@hp.com,SfNcGIb0,24/02/2009 12:15,3.57E+15
75,Pieter,Otcom,Grigoroni,24/07/1999,China,Guatemala,NULL,pgrigoroni22@google.fr,uJw0Tm,11/04/2018 15:16,3.59E+15
76,Harrison,NULL,Bryceson,05/01/1989,Japan,Indonesia,4169220334,hbryceson23@seesaa.net,KCslj26,29/05/2005 02:41,3.57E+15
77,Ricki,NULL,Benedito,16/10/1994,China,Netherlands,4456294283,rbenedito24@apache.org,VITRYza,19/04/2020 03:55,5.02E+16
78,Corinne,NULL,Lassey,06/12/1980,North Korea,Philippines,9467040525,classey25@google.nl,7feIF2GE,10/05/2005 04:56,5.10E+15
79,Forbes,NULL,Watmore,18/11/1992,Hungary,Honduras,NULL,fwatmore26@thetimes.co.uk,vuREY9s2mhWa,21/09/2020 17:58,3.58E+15
80,Elmore,NULL,Bounde,11/07/2000,Argentina,Portugal,NULL,ebounde27@nytimes.com,Thd8VgE5JycX,12/03/2015 10:40,3.57E+15
81,Ciel,Cardify,Sawkin,23/11/1984,Kazakhstan,Saudi Arabia,NULL,csawkin28@icq.com,0G9qgEuYzg2V,12/05/2004 23:30,2.02E+14
82,William,NULL,Debill,11/01/1993,Indonesia,Israel,NULL,wdebill29@homestead.com,ijasq2,04/08/2006 08:48,5.60E+15
83,Isidoro,NULL,Hanwell,28/06/1992,Philippines,China,NULL,ihanwell2a@de.vu,pjq740WGzO,26/08/2014 12:18,3.58E+15
84,Roscoe,Gembucket,Verity,16/01/1997,Ukraine,Indonesia,NULL,rverity2b@umn.edu,AP9mWdXr,17/11/2017 10:07,3.55E+15
85,Urbano,NULL,Murray,25/02/1992,Poland,United States,NULL,umurray2c@hexun.com,Uxo80NTkfl9A,17/09/2011 05:25,5.64E+15
86,Sterling,Otcom,Tarry,02/07/1984,Philippines,China,NULL,starry2d@opensource.org,lqsEyYYU7D6T,23/12/2008 18:02,4.02E+15
87,Calypso,NULL,Gee,29/03/1984,Poland,Albania,NULL,cgee2e@surveymonkey.com,8w3a433k,29/05/2020 06:22,3.56E+15
88,Nate,NULL,Roulston,22/11/1995,Japan,China,NULL,nroulston2f@dion.ne.jp,BjOYvCY80Ii,28/08/2012 22:00,6.05E+14
89,Junia,Asoka,Joy,31/07/1993,Indonesia,Indonesia,NULL,jjoy2g@issuu.com,mArifi3N,12/05/2013 11:05,3.57E+15
90,Elvira,NULL,Rozenbaum,29/10/1995,Indonesia,Poland,NULL,erozenbaum2h@reddit.com,iYNiRRnRo,21/10/2014 16:10,6.76E+18
91,Meridith,NULL,Frisby,06/04/1991,Portugal,Argentina,7605849093,mfrisby2i@com.com,g58iV6i7ta,10/09/2005 08:22,5.01E+15
92,Rodie,NULL,Eacott,14/12/1982,Czech Republic,Tunisia,6191894586,reacott2j@yandex.ru,B1c9h5CxwX,08/07/2014 09:49,3.53E+15
93,Pren,Zaam-Dox,Goldfinch,12/07/1995,Georgia,Ukraine,NULL,pgoldfinch2k@skype.com,HuajZAvU,05/03/2009 03:01,3.54E+15
94,Stu,Namfix,Lehrmann,03/01/1992,Philippines,Russia,3841314730,slehrmann2l@squarespace.com,MmCo9Bff,28/01/2009 09:17,3.55E+15
95,Amalie,NULL,Murrigans,02/08/1990,Indonesia,China,NULL,amurrigans2m@google.cn,pfoEBRBg,12/05/2016 07:33,6.05E+17
96,Anestassia,NULL,Makepeace,25/02/1985,Portugal,France,NULL,amakepeace2n@google.it,RZEtsEuGC,19/03/2012 19:15,5.58E+15
97,Glad,NULL,Clawe,05/06/1996,Cuba,South Korea,NULL,gclawe2o@sfgate.com,iJUHPh,11/11/2019 07:50,3.04E+13
98,Chrotoem,NULL,Gravett,05/03/1991,China,Philippines,NULL,cgravett2p@tiny.cc,USLNyYx8,30/05/2004 08:02,6.30E+16
99,Patricia,NULL,Edington,06/10/1989,China,Indonesia,NULL,pedington2q@pbs.org,0ODkKHT6Qhyb,31/10/2019 12:52,4.41E+15
100,Skippie,NULL,Oram,25/08/1998,Mongolia,Yemen,NULL,soram2r@ehow.com,Xkju26,26/05/2016 03:47,3.74E+14
